"X","Y","Xsample","Ysample"
0.1,-16.756339562141783,99.2,93.18774064141331
0.2,51.936192298191386,32.9,47.32008958712677
0.3,-21.18346261674958,30.7,42.080120908699655
0.4,-26.357070181424334,17.5,14.659270451102731
0.5,26.60954962960417,46.5,31.24856976662369
0.6,-16.253715963713816,41.6,49.14058639262557
0.7,-18.90152837773458,79.2,67.96508241896396
0.8,27.908491860437326,16.3,-9.469068300865242
0.9,50.337899128615426,62.3,86.71624942165838
1,-9.43046329922619,73.3,95.65448975785208
1.1,-39.774223175056726,43.7,23.004367606802518
1.2,16.709693994225777,5,41.699509823667
1.3,-0.9824102884172405,62.7,98.37729243866934
1.4,-9.803012013015689,37.8,99.02817661489823
1.5,10.744661211213899,18.1,29.256932605477093
1.6,-33.88582778786028,67.7,82.41270429677172
1.7,37.69656987386059,4.9,-8.514988665551996
1.8,11.589482673750558,51.7,36.465778211887894
1.9,24.55300727273619,77.5,83.36385589828818
2,-50.56083542943248,26.3,32.1435375180245
2.1,17.919477824072686,44.2,37.274533932286495
2.2,-2.0562623783736087,13.1,-7.81656015446943
2.3,12.305359029440638,33.6,41.97421503144055
2.4,-4.587502103416183,29.7,71.03049986082705
2.5,6.698647927542261,4.6,-33.48061834050929
2.6,-6.392608616292397,53.7,58.50909475167435
2.7,10.499440546954485,93.8,84.41281445796177
2.8,26.701453687270956,13.4,9.50054945262915
2.9,11.065827870300868,86.9,106.6664423234239
3,19.52852059512658,42.8,81.94580480371488
3.1,3.364160128490006,17.8,71.22212648225307
3.2,17.55801470763652,52.9,53.24837321984533
3.3,45.37265589204141,20.5,53.339788905903575
3.4,16.532530260133043,10.3,-38.70755866986494
3.5,14.549976342060724,63.7,39.19183173019654
3.6,62.06864231347234,53.9,79.32645722615284
3.7,49.232767655610736,9.9,46.52617458999578
3.8,24.009480550311732,61.4,112.2331819212113
3.9,2.070571245628983,25.3,24.24527848267858
4,-21.932358885551672,91.5,110.33710382246264
4.1,-21.154154706363457,56.9,41.74357010190228
4.2,-10.627678677900217,5.3,-19.86664944055838
4.3,15.792039815944344,8,-1.799029165132426
4.4,67.53478295562623,11.2,-46.70202962917868
4.5,9.899430862591942,35.3,33.755133174441404
4.6,-33.48061834050929,35.5,69.47978204120605
4.7,-41.307805474482095,64.9,38.464212011664216
4.8,-12.423824499139535,61.9,28.09420491827946
4.9,-8.514988665551996,67.5,69.86857882804404
5,41.699509823667,81,62.60383521071978
5.1,1.0374392201054388,,
5.2,-22.862859642377785,,
5.3,-19.86664944055838,,
5.4,58.120067731603136,,
5.5,-41.344622636920185,,
5.6,36.3930750748808,,
5.7,-13.892857415008763,,
5.8,-19.508361369993192,,
5.9,24.921721154882533,,
6,-20.31610721006625,,
6.1,-13.962599179993873,,
6.2,-48.12873846656947,,
6.3,8.52481882174293,,
6.4,21.07701243319558,,
6.5,32.010652987008214,,
6.6,0.35767068678849956,,
6.7,12.355465467870012,,
6.8,31.853103303143257,,
6.9,-31.447311912559087,,
7,17.504284252198634,,
7.1,-20.412171206521233,,
7.2,-27.269438477492102,,
7.3,35.29624219375709,,
7.4,30.455428968780964,,
7.5,-11.195193393138876,,
7.6,21.195350031852257,,
7.7,32.66351141331934,,
7.8,6.317539335636603,,
7.9,25.99063313187846,,
8,-1.799029165132426,,
8.1,3.0904919741556194,,
8.2,32.99288710926443,,
8.3,-6.793464845060598,,
8.4,-54.83866272574899,,
8.5,49.000852105886196,,
8.6,-7.121291704713213,,
8.7,-3.9114048085346305,,
8.8,75.28461222866295,,
8.9,-20.654668230501226,,
9,-1.7994727648657953,,
9.1,-4.139192855841024,,
9.2,-31.159028962739995,,
9.3,27.01292854396808,,
9.4,-25.27565469447721,,
9.5,-8.93267846108721,,
9.6,49.099622090915545,,
9.7,34.88878834491586,,
9.8,8.754626075651952,,
9.9,46.52617458999578,,
10,-20.79944467433146,,
10.1,53.87998762953967,,
10.2,9.99667892758516,,
10.3,-38.70755866986494,,
10.4,21.038528646836085,,
10.5,53.99544385589384,,
10.6,1.6343138478003318,,
10.7,-45.25616782904758,,
10.8,-11.021453222518414,,
10.9,43.44804429900699,,
11,-38.92538632750319,,
11.1,-30.62913962499824,,
11.2,-46.70202962917868,,
11.3,45.948867272605554,,
11.4,17.41209133207537,,
11.5,35.226874567027934,,
11.6,13.072818970684292,,
11.7,41.52764253937088,,
11.8,25.49371198929444,,
11.9,11.935130459810138,,
12,2.013327214217181,,
12.1,-10.302799476321994,,
12.2,-24.461046627679828,,
12.3,36.34725406342643,,
12.4,48.276156313106945,,
12.5,10.594083557277298,,
12.6,0.6259047979524439,,
12.7,-18.258693352172273,,
12.8,-19.761675852963517,,
12.9,-2.3016519449037407,,
13,51.94929901334617,,
13.1,-7.81656015446943,,
13.2,-4.171925380276278,,
13.3,-29.361306314086363,,
13.4,9.50054945262915,,
13.5,-13.629345717956623,,
13.6,49.011438462776916,,
13.7,-15.929992106176767,,
13.8,61.7724348991766,,
13.9,38.082098262011,,
14,35.2547403307541,,
14.1,43.595878231467175,,
14.2,1.6430057292372293,,
14.3,-8.712930255413653,,
14.4,40.13977611613611,,
14.5,-4.373054810093844,,
14.6,20.041491318406568,,
14.7,-6.320737277253318,,
14.8,-3.129891237785083,,
14.9,-3.5855343548502,,
15,3.744735076225618,,
15.1,-28.87538224784896,,
15.2,-0.07661705654133222,,
15.3,4.043501601359468,,
15.4,78.6161023322274,,
15.5,40.010598478494764,,
15.6,3.1504444833645238,,
15.7,23.535081840770594,,
15.8,2.7678141506139795,,
15.9,-39.81853697234896,,
16,-26.81518102849101,,
16.1,-15.157584295922,,
16.2,-3.6802723041497885,,
16.3,-9.469068300865242,,
16.4,-21.824452873002762,,
16.5,1.2949699337874794,,
16.6,10.04874835654272,,
16.7,17.974284825200968,,
16.8,13.622716510122956,,
16.9,37.69538389654443,,
17,1.9678102112290219,,
17.1,32.95981781283756,,
17.2,21.272653988820146,,
17.3,7.91804893309669,,
17.4,-18.49613675192214,,
17.5,14.659270451102731,,
17.6,-51.890450233599964,,
17.7,5.98989943959805,,
17.8,71.22212648225307,,
17.9,27.378681545669387,,
18,46.78016871110091,,
18.1,29.256932605477093,,
18.2,-33.477547898663055,,
18.3,35.048692409704344,,
18.4,26.289287757426475,,
18.5,33.01229599147042,,
18.6,24.514984951413098,,
18.7,21.09803160021928,,
18.8,-58.68007510095923,,
18.9,-31.589645200780037,,
19,29.594015060415146,,
19.1,35.91351914919717,,
19.2,-14.145988492782312,,
19.3,27.152736289069935,,
19.4,-16.70868245482516,,
19.5,67.5026358490223,,
19.6,16.55294965595179,,
19.7,26.131679390467696,,
19.8,5.757308169129441,,
19.9,-35.25516141851644,,
20,19.037850106045386,,
20.1,-27.243659966204667,,
20.2,-4.252094897346257,,
20.3,17.569123932530847,,
20.4,11.038615354730744,,
20.5,53.339788905903575,,
20.6,25.606812590240295,,
20.7,29.495854577897514,,
20.8,31.590368374895544,,
20.9,-5.371337885154443,,
21,6.798590519371416,,
21.1,75.0932736065297,,
21.2,11.312878628333387,,
21.3,36.14424719743639,,
21.4,37.19630814667763,,
21.5,17.205397251139892,,
21.6,47.94281082296773,,
21.7,35.726890861713244,,
21.8,13.994142883502628,,
21.9,11.480876819837642,,
22,7.150550703792913,,
22.1,-10.988684025943225,,
22.2,17.12306955388233,,
22.3,37.06437381357639,,
22.4,-23.301920199628086,,
22.5,-13.63371510316875,,
22.6,30.5202938045654,,
22.7,-5.490784529041747,,
22.8,41.04570103179093,,
22.9,-15.076546198788353,,
23,44.80610261488535,,
23.1,-14.714951196339758,,
23.2,31.81033910501307,,
23.3,43.24319986086256,,
23.4,0.18207535915336592,,
23.5,42.98175133025593,,
23.6,-18.086363807641813,,
23.7,45.249601048363814,,
23.8,20.52320474819239,,
23.9,24.16225940798947,,
24,34.45650389624371,,
24.1,-11.381659429985007,,
24.2,35.10587792121375,,
24.3,59.66279755328735,,
24.4,33.91873269005072,,
24.5,32.2777846048933,,
24.6,-16.312970294220438,,
24.7,9.730435372659638,,
24.8,49.32235266656012,,
24.9,19.37779454814067,,
25,-16.914420204833434,,
25.1,70.70934915050597,,
25.2,85.71228929754633,,
25.3,24.24527848267858,,
25.4,23.58754374728113,,
25.5,26.760654696741977,,
25.6,31.5542110013269,,
25.7,1.9452761857746026,,
25.8,40.19418031908789,,
25.9,43.95491543214017,,
26,42.240230282918134,,
26.1,7.9693949676068705,,
26.2,33.68049681016129,,
26.3,32.1435375180245,,
26.4,5.042436833353953,,
26.5,-8.439330847678285,,
26.6,80.55291955769536,,
26.7,34.65713029170953,,
26.8,43.21199442680967,,
26.9,-8.109318157109279,,
27,12.960245182095793,,
27.1,2.7472241036415603,,
27.2,26.426074969425613,,
27.3,34.34162304043989,,
27.4,56.207201115673314,,
27.5,16.258185544478152,,
27.6,53.385409834678924,,
27.7,35.743423121285005,,
27.8,17.246186933792444,,
27.9,10.635703291938828,,
28,36.03452355048202,,
28.1,42.7059797833827,,
28.2,59.61582682521908,,
28.3,23.311349367317654,,
28.4,69.32275949888069,,
28.5,27.354475131943516,,
28.6,69.9557093520082,,
28.7,31.97525142330881,,
28.8,-34.40978089137235,,
28.9,-10.775681753699121,,
29,27.25309657774062,,
29.1,59.06547947277319,,
29.2,32.73596027707812,,
29.3,44.76332074734872,,
29.4,-21.539088515565496,,
29.5,12.058042293829683,,
29.6,0.5188307578202611,,
29.7,71.03049986082705,,
29.8,49.1616073179661,,
29.9,39.684829284743216,,
30,-4.291402245788721,,
30.1,-6.2608993708415355,,
30.2,-29.33290242019136,,
30.3,47.84330385973519,,
30.4,34.74943534855602,,
30.5,18.346903829367676,,
30.6,29.601383910822136,,
30.7,42.080120908699655,,
30.8,51.47309503357995,,
30.9,12.000425205403225,,
31,0.770281361354261,,
31.1,47.39937647445784,,
31.2,18.643228042197848,,
31.3,67.29803263262255,,
31.4,36.914049153815775,,
31.5,32.435023217193574,,
31.6,93.02354257829779,,
31.7,-20.74456190616897,,
31.8,98.96143969154544,,
31.9,18.51208261381604,,
32,9.549746918407916,,
32.1,8.593371509926726,,
32.2,5.860509475302326,,
32.3,35.94226795004453,,
32.4,34.72637724410291,,
32.5,8.482333716980598,,
32.6,-18.28363941906227,,
32.7,5.6057406952407085,,
32.8,41.56647118945051,,
32.9,47.32008958712677,,
33,52.67173755804213,,
33.1,70.02748206286765,,
33.2,7.808427084768983,,
33.3,74.51484024364531,,
33.4,7.623337321558253,,
33.5,24.147679214538456,,
33.6,41.97421503144055,,
33.7,25.5134375978475,,
33.8,20.562136267125222,,
33.9,-4.72242754809556,,
34,30.06170074095588,,
34.1,63.006810008052604,,
34.2,-2.350821126543316,,
34.3,-13.481503297140677,,
34.4,93.68248638676573,,
34.5,33.69424698851951,,
34.6,57.72377421947023,,
34.7,30.469523948794745,,
34.8,44.168291390935615,,
34.9,45.82474945676125,,
35,57.1407481470254,,
35.1,2.7177978241361203,,
35.2,38.5284751977005,,
35.3,33.755133174441404,,
35.4,47.36101772973307,,
35.5,69.47978204120605,,
35.6,37.620916676231595,,
35.7,47.638480414935614,,
35.8,67.74981450576095,,
35.9,-26.831289014712247,,
36,64.31536576282804,,
36.1,-11.860755816577097,,
36.2,38.404693381307226,,
36.3,37.345817902386656,,
36.4,24.682879632211943,,
36.5,39.125732235409714,,
36.6,37.66315887556243,,
36.7,53.380162555267816,,
36.8,39.281856540161996,,
36.9,39.24808403766064,,
37,30.979488279859357,,
37.1,54.27749390404598,,
37.2,37.04923496493148,,
37.3,46.775592560081236,,
37.4,40.062153490412406,,
37.5,38.52668805372674,,
37.6,79.06391580961728,,
37.7,77.17478642340492,,
37.8,99.02817661489823,,
37.9,14.899731591803732,,
38,24.42796490318374,,
38.1,18.37265843241843,,
38.2,43.22436097047905,,
38.3,49.48346492810298,,
38.4,44.70688255865993,,
38.5,38.11074765895522,,
38.6,0.03561743070667944,,
38.7,25.375021541895656,,
38.8,29.363262398387455,,
38.9,47.17115442100595,,
39,39.003954944374364,,
39.1,30.79407783041568,,
39.2,17.069778961077375,,
39.3,22.151622452080836,,
39.4,71.77260157339242,,
39.5,26.85241445091473,,
39.6,8.573949350906126,,
39.7,-2.568870936258513,,
39.8,61.96798992249382,,
39.9,50.32141957079824,,
40,17.503930845252054,,
40.1,65.15208990006379,,
40.2,55.78891449735153,,
40.3,-23.47905464164041,,
40.4,37.010887281326234,,
40.5,27.187718092336375,,
40.6,45.86906613983324,,
40.7,6.238381364315529,,
40.8,59.34225112049311,,
40.9,42.61443400223216,,
41,79.0479655117985,,
41.1,33.80638081904742,,
41.2,39.38466341038241,,
41.3,39.41686885273676,,
41.4,43.285604484200455,,
41.5,93.23703520049055,,
41.6,49.14058639262557,,
41.7,9.191899186611323,,
41.8,36.77144747986737,,
41.9,64.56288117466384,,
42,47.53545206165902,,
42.1,32.4313305021741,,
42.2,75.01994386122846,,
42.3,-9.494948875344264,,
42.4,-36.94805746355833,,
42.5,38.59792940646512,,
42.6,6.924259829479652,,
42.7,15.25081182529351,,
42.8,81.94580480371488,,
42.9,32.54752564564863,,
43,53.223929436505074,,
43.1,16.968257746742992,,
43.2,13.27691892368706,,
43.3,42.63824346295182,,
43.4,82.23189439044097,,
43.5,42.7278519240535,,
43.6,57.57720257608431,,
43.7,23.004367606802518,,
43.8,53.01706667377186,,
43.9,65.51523706098055,,
44,92.32942488575137,,
44.1,121.84571773887039,,
44.2,37.274533932286495,,
44.3,47.24649070595532,,
44.4,21.977991528013625,,
44.5,77.35972321429483,,
44.6,13.61965167437905,,
44.7,60.566329428620726,,
44.8,78.57135559127076,,
44.9,18.732861327350335,,
45,49.19375413639503,,
45.1,78.40173646486389,,
45.2,30.518967749122048,,
45.3,53.675185599569005,,
45.4,67.5087172095014,,
45.5,55.72062372504827,,
45.6,17.62442061457537,,
45.7,116.68634777779228,,
45.8,33.84239120231575,,
45.9,46.39641982182133,,
46,12.511491253921072,,
46.1,29.929106191276464,,
46.2,39.300502943351965,,
46.3,92.04032754734365,,
46.4,44.00362663422577,,
46.5,31.24856976662369,,
46.6,25.23647988943973,,
46.7,51.588227195134515,,
46.8,84.51639470441123,,
46.9,65.38292331975495,,
47,41.285173142656745,,
47.1,46.55753356546779,,
47.2,63.519713484154245,,
47.3,52.413333748581266,,
47.4,83.17715879512167,,
47.5,59.489397162198095,,
47.6,48.48648089028209,,
47.7,28.776524650073846,,
47.8,57.07988346034603,,
47.9,64.13327024467631,,
48,27.137277550969188,,
48.1,54.537402444662995,,
48.2,107.72309673980814,,
48.3,50.41784395922875,,
48.4,57.797273265681085,,
48.5,65.67222752413198,,
48.6,3.492764619005726,,
48.7,47.2310014294149,,
48.8,28.357995397780556,,
48.9,80.66486354387021,,
49,67.47667418419006,,
49.1,116.17264570369778,,
49.2,41.337662890623506,,
49.3,46.358270478228086,,
49.4,3.7775794895669392,,
49.5,85.08542800251651,,
49.6,74.07436207907772,,
49.7,63.97980062776079,,
49.8,68.11487036293315,,
49.9,-42.39600666615879,,
50,31.06815534264949,,
50.1,67.06807348534214,,
50.2,30.94374408214868,,
50.3,8.883823663793983,,
50.4,116.40061821988243,,
50.5,76.98979404059924,,
50.6,26.246368182729682,,
50.7,40.85812323420949,,
50.8,53.52187334155608,,
50.9,83.9390857644536,,
51,29.117045751217237,,
51.1,81.98978386943,,
51.2,-6.43496887572951,,
51.3,69.94224344020789,,
51.4,59.63632924037258,,
51.5,78.94384206648014,,
51.6,10.568323131307054,,
51.7,36.465778211887894,,
51.8,72.48896026196618,,
51.9,117.84063906536635,,
52,37.0331672690907,,
52.1,113.26626885348145,,
52.2,14.378341107442203,,
52.3,77.72990177110208,,
52.4,34.83423646335805,,
52.5,71.77172337253565,,
52.6,97.24671685413523,,
52.7,84.83708027726075,,
52.8,-0.16645532716396616,,
52.9,53.24837321984533,,
53,108.63391964138575,,
53.1,91.54473027751474,,
53.2,18.66785157305125,,
53.3,34.49286148257803,,
53.4,29.720381306439528,,
53.5,37.13397149279284,,
53.6,10.502696846521836,,
53.7,58.50909475167435,,
53.8,44.16600242850049,,
53.9,79.32645722615284,,
54,36.028078569847686,,
54.1,36.52786239441052,,
54.2,84.05998369442278,,
54.3,44.34569109119137,,
54.4,28.960759555790986,,
54.5,73.79498401525349,,
54.6,97.48314881689453,,
54.7,54.35156798074952,,
54.8,84.1525616065495,,
54.9,70.93983972525874,,
55,0.7096911912856996,,
55.1,75.80571911846937,,
55.2,54.33863639995039,,
55.3,-10.586329046477395,,
55.4,48.728048398859684,,
55.5,24.77255223746523,,
55.6,84.21245895681957,,
55.7,107.6110185134043,,
55.8,34.17335104408789,,
55.9,37.2176200561629,,
56,22.68705728646227,,
56.1,65.70583951690313,,
56.2,85.57239386178068,,
56.3,78.36741214387168,,
56.4,33.63774330506661,,
56.5,43.51502734313795,,
56.6,75.70275473828829,,
56.7,56.28398836513622,,
56.8,52.00188029940427,,
56.9,41.74357010190228,,
57,87.42441297090683,,
57.1,64.22143928867253,,
57.2,57.212558123615096,,
57.3,62.4572982121119,,
57.4,69.99633404595643,,
57.5,70.37012511995823,,
57.6,42.60069912253854,,
57.7,28.59582346128976,,
57.8,91.91449428415916,,
57.9,72.99032209402084,,
58,84.33145622145592,,
58.1,70.34182505807992,,
58.2,45.84247047777299,,
58.3,61.47321102371419,,
58.4,94.65150259454208,,
58.5,60.44867524695983,,
58.6,75.94339261144167,,
58.7,76.46182534485189,,
58.8,76.13803056288401,,
58.9,61.088772033346714,,
59,75.99526456721014,,
59.1,25.302869381557308,,
59.2,71.6165034621777,,
59.3,6.198160208379413,,
59.4,16.123801099812553,,
59.5,85.83951989729675,,
59.6,0.73330577627042,,
59.7,65.30908930984265,,
59.8,12.78665963273756,,
59.9,76.57075720754051,,
60,82.67948052975242,,
60.1,65.37547989402063,,
60.2,11.545006661474467,,
60.3,69.73119388117279,,
60.4,44.89941643620347,,
60.5,28.536355459153683,,
60.6,60.63999510132496,,
60.7,20.07826114959471,,
60.8,47.61865121285718,,
60.9,48.2943867437812,,
61,66.0544809361284,,
61.1,110.21982423939394,,
61.2,46.56096898603092,,
61.3,61.577602643254544,,
61.4,112.2331819212113,,
61.5,50.85141206765152,,
61.6,7.385926323245762,,
61.7,58.138403279310374,,
61.8,84.26574384395205,,
61.9,28.09420491827946,,
62,55.88274367392323,,
62.1,114.30914200569565,,
62.2,63.757019355019615,,
62.3,86.71624942165838,,
62.4,84.09901680902516,,
62.5,91.1766203223328,,
62.6,84.88719592216985,,
62.7,98.37729243866934,,
62.8,85.00737233295644,,
62.9,71.42867075541099,,
63,64.0150722697589,,
63.1,89.80979851174888,,
63.2,36.58108997346377,,
63.3,61.550003432241944,,
63.4,13.71492621286697,,
63.5,69.46948968584222,,
63.6,57.14358453334163,,
63.7,39.19183173019654,,
63.8,21.328685034346343,,
63.9,120.86115854132913,,
64,47.31512066167245,,
64.1,59.03152966466396,,
64.2,69.94287436533442,,
64.3,65.7467228549454,,
64.4,96.86698437121416,,
64.5,35.71441245744051,,
64.6,74.10129875938735,,
64.7,47.873519398995796,,
64.8,54.649275428613606,,
64.9,38.464212011664216,,
65,91.81303924717415,,
65.1,113.7761589095344,,
65.2,47.06001795879398,,
65.3,105.33952939552758,,
65.4,76.43449172155402,,
65.5,69.10620811901413,,
65.6,82.14382605914821,,
65.7,64.36112066807041,,
65.8,53.607144968195456,,
65.9,85.03318707772004,,
66,74.55512222333178,,
66.1,73.54303453052414,,
66.2,126.03816227728436,,
66.3,19.658370333965806,,
66.4,50.52640374473664,,
66.5,28.35741898675721,,
66.6,99.07972950193871,,
66.7,50.91618356310322,,
66.8,32.17407939044571,,
66.9,61.078467439035705,,
67,47.359758912380684,,
67.1,93.12372659311939,,
67.2,39.473426466098175,,
67.3,40.29520435758442,,
67.4,39.059244538641906,,
67.5,69.86857882804404,,
67.6,73.95561466769709,,
67.7,82.41270429677172,,
67.8,30.496661343726842,,
67.9,81.55103035477995,,
68,118.00206872008017,,
68.1,130.77672005427692,,
68.2,85.60026789259285,,
68.3,113.14643147442011,,
68.4,33.93003987182741,,
68.5,103.3326347525076,,
68.6,96.00441942503606,,
68.7,51.524442864784504,,
68.8,91.7378059674426,,
68.9,39.65174178244408,,
69,44.473372271791945,,
69.1,51.230681977710866,,
69.2,57.585502188881804,,
69.3,77.30813964959015,,
69.4,83.3690252032841,,
69.5,48.71892841252996,,
69.6,51.124177627654596,,
69.7,74.56622809123013,,
69.8,29.76726755177654,,
69.9,15.03649053812532,,
70,40.85539725854295,,
70.1,90.52394161529718,,
70.2,72.75630414098904,,
70.3,69.19053725619571,,
70.4,96.85849638535693,,
70.5,21.230623922915235,,
70.6,95.51502105067055,,
70.7,75.62183467169797,,
70.8,67.05670418388713,,
70.9,83.0826276040158,,
71,27.993035358045063,,
71.1,34.62431637366786,,
71.2,78.21128460045199,,
71.3,73.07373517039714,,
71.4,68.42537987652948,,
71.5,64.80921821531284,,
71.6,55.33142681824424,,
71.7,95.47622021475615,,
71.8,58.9404009076128,,
71.9,68.40550422897356,,
72,104.26008127828587,,
72.1,98.20433423873828,,
72.2,72.2151778647156,,
72.3,113.52640565461232,,
72.4,83.94868951911539,,
72.5,66.18529519169716,,
72.6,72.00937819395222,,
72.7,65.61244385448508,,
72.8,98.77795626072387,,
72.9,43.93952307582107,,
73,66.64577071136799,,
73.1,73.45983307143693,,
73.2,77.64357204933435,,
73.3,95.65448975785208,,
73.4,46.52120819494096,,
73.5,29.400226700746337,,
73.6,65.51098375474707,,
73.7,28.98198429613206,,
73.8,74.16246705775295,,
73.9,94.52871162400643,,
74,100.58537537242331,,
74.1,95.81867207906828,,
74.2,39.49047440045428,,
74.3,79.71051796961768,,
74.4,102.63960524304365,,
74.5,112.18153778832877,,
74.6,140.35561097898517,,
74.7,46.42151208670269,,
74.8,82.30589127465323,,
74.9,22.984211325370268,,
75,101.55818822858959,,
75.1,57.240380489945345,,
75.2,121.37278371006758,,
75.3,81.44886924541059,,
75.4,87.53436473104676,,
75.5,87.75484200326335,,
75.6,62.81609124324176,,
75.7,64.55901800631196,,
75.8,76.52494715726722,,
75.9,89.17923632374354,,
76,25.21880522400778,,
76.1,64.67714639889311,,
76.2,72.8371855009041,,
76.3,65.89114975502305,,
76.4,66.86598232256053,,
76.5,92.40920912438064,,
76.6,73.9866909029788,,
76.7,57.25111088959892,,
76.8,59.48289639135801,,
76.9,58.818955161379186,,
77,71.81288615581667,,
77.1,120.16031934742928,,
77.2,78.3590351174136,,
77.3,81.41361024704129,,
77.4,104.10879771666764,,
77.5,83.36385589828818,,
77.6,38.54914146650928,,
77.7,80.40250294495927,,
77.8,57.50260871657317,,
77.9,47.353994135770016,,
78,101.76830527032828,,
78.1,74.97817806496523,,
78.2,92.80192234324026,,
78.3,105.51520595314918,,
78.4,109.87392470619093,,
78.5,48.19378985560653,,
78.6,-23.213221727451725,,
78.7,65.74208640343934,,
78.8,59.965042116021024,,
78.9,89.5843848280664,,
79,73.38537778149303,,
79.1,73.50789312047343,,
79.2,67.96508241896396,,
79.3,104.21589492539303,,
79.4,112.24783436674811,,
79.5,51.85477112254266,,
79.6,81.21729631925648,,
79.7,113.0159325309643,,
79.8,58.06830290221748,,
79.9,80.46260716095246,,
80,79.05018117578571,,
80.1,91.41948096770207,,
80.2,99.75764747113458,,
80.3,106.83791800205037,,
80.4,91.063027581617,,
80.5,45.0225280563131,,
80.6,70.20482219854028,,
80.7,136.22457094117658,,
80.8,74.29336840874157,,
80.9,81.47888978097225,,
81,62.60383521071978,,
81.1,100.06499656556001,,
81.2,93.71164083666486,,
81.3,80.58385783518273,,
81.4,57.98035949473481,,
81.5,11.78709595013666,,
81.6,74.13980571881471,,
81.7,67.82368129095224,,
81.8,120.16991077106613,,
81.9,57.35886724838775,,
82,138.41507030366927,,
82.1,84.80746029718959,,
82.2,118.77741506223083,,
82.3,95.66688034107874,,
82.4,116.453393778824,,
82.5,84.32875467785571,,
82.6,122.40695113597994,,
82.7,93.1703742003418,,
82.8,151.499275755709,,
82.9,68.36115171384864,,
83,74.4692339156799,,
83.1,75.49942158039202,,
83.2,96.89521034859057,,
83.3,39.60528291815143,,
83.4,117.36019928702905,,
83.5,102.15464676510275,,
83.6,147.35210133107924,,
83.7,76.27670464724436,,
83.8,53.75086524529482,,
83.9,66.37415594814479,,
84,78.02908039597897,,
84.1,83.94156887840651,,
84.2,50.53614923730799,,
84.3,40.58996210139227,,
84.4,62.10675480405299,,
84.5,60.78056348335004,,
84.6,48.917285329027216,,
84.7,121.18974422083554,,
84.8,98.28451892867642,,
84.9,21.537314122899353,,
85,54.01076707644721,,
85.1,54.150194897142406,,
85.2,82.14933288145023,,
85.3,64.33533807624977,,
85.4,83.05786262820965,,
85.5,94.85435262472956,,
85.6,96.52032234041009,,
85.7,68.96310733918037,,
85.8,106.53003297830587,,
85.9,106.06131275346868,,
86,79.69863698782835,,
86.1,132.5463771280623,,
86.2,64.72843895312032,,
86.3,68.70727182818024,,
86.4,73.98194466092441,,
86.5,77.29045719982471,,
86.6,79.6888818822575,,
86.7,89.08741112419499,,
86.8,116.63443462677171,,
86.9,106.6664423234239,,
87,77.19163971192721,,
87.1,96.17577168565789,,
87.2,29.63423403621219,,
87.3,60.78458887666747,,
87.4,98.23919907459153,,
87.5,73.0979614890199,,
87.6,88.69362926783016,,
87.7,51.58381834103131,,
87.8,84.50131287424153,,
87.9,56.48198692467373,,
88,126.65505470273605,,
88.1,92.8978785262641,,
88.2,74.4980303587087,,
88.3,49.84713829509613,,
88.4,129.6157551948727,,
88.5,74.16927745975252,,
88.6,105.50362029855332,,
88.7,75.20383423258491,,
88.8,109.79467552257739,,
88.9,139.4547205759694,,
89,106.09672859869852,,
89.1,71.91590278933872,,
89.2,76.14453017849353,,
89.3,103.1563508556342,,
89.4,59.80128672988582,,
89.5,106.86722252319694,,
89.6,70.57663801289307,,
89.7,133.10488298374906,,
89.8,102.06024965967175,,
89.9,100.31558299980203,,
90,66.52230020832802,,
90.1,59.14666690900627,,
90.2,78.83128632216547,,
90.3,86.74757499426946,,
90.4,94.0346799390166,,
90.5,81.77299921545172,,
90.6,65.92779113242904,,
90.7,101.54631449534256,,
90.8,92.54734411872172,,
90.9,73.79504137818063,,
91,105.33255711343978,,
91.1,139.49353499915327,,
91.2,71.90693424462275,,
91.3,82.06025334797016,,
91.4,85.29886818797921,,
91.5,110.33710382246264,,
91.6,88.1892250549113,,
91.7,109.0135450934358,,
91.8,79.71687186668814,,
91.9,141.5105829955121,,
92,113.91163107638754,,
92.1,92.31200238088692,,
92.2,81.85766084070602,,
92.3,77.3680269799983,,
92.4,124.36128762445173,,
92.5,59.39216416570042,,
92.6,116.95678960396992,,
92.7,54.681618688671364,,
92.8,134.58351002854062,,
92.9,107.80928449298708,,
93,71.14260293712985,,
93.1,96.8028045716888,,
93.2,71.33416617574957,,
93.3,86.05395828554606,,
93.4,94.26951477028945,,
93.5,97.83454704051314,,
93.6,76.44464078713659,,
93.7,71.49448754444968,,
93.8,84.41281445796177,,
93.9,130.74507929574096,,
94,138.89382316932137,,
94.1,90.08826676747336,,
94.2,124.95642193599708,,
94.3,97.57554112085502,,
94.4,74.34812966213293,,
94.5,75.07756920143862,,
94.6,90.06201504356314,,
94.7,110.82211661408485,,
94.8,52.935217273384296,,
94.9,102.73392725883393,,
95,84.4037897170918,,
95.1,147.02501060972688,,
95.2,110.67545196189772,,
95.3,59.76457038050196,,
95.4,95.8371343272754,,
95.5,91.81049816422068,,
95.6,144.7517727212134,,
95.7,144.54208610957204,,
95.8,78.56310593060032,,
95.9,68.36892511935524,,
96,105.88263765554053,,
96.1,84.10857013207878,,
96.2,91.08171716757619,,
96.3,20.612749872929058,,
96.4,62.64436274522787,,
96.5,62.0294226608899,,
96.6,92.57315630988433,,
96.7,59.261599353985844,,
96.8,74.18553104400647,,
96.9,91.20475138617364,,
97,108.4741228118128,,
97.1,125.32290399361273,,
97.2,92.12160991117321,,
97.3,111.43548110766436,,
97.4,69.07872773076937,,
97.5,144.1178613243348,,
97.6,92.50293287599884,,
97.7,69.04132879962336,,
97.8,78.85276110900173,,
97.9,133.48344862811462,,
98,64.84443769176436,,
98.1,103.07477754202547,,
98.2,106.51952725401938,,
98.3,121.29958050593783,,
98.4,107.37019693356486,,
98.5,111.39624264195645,,
98.6,114.14272152482962,,
98.7,27.960248286218913,,
98.8,117.67497930613787,,
98.9,114.09548322805344,,
99,94.53083559437825,,
99.1,73.92732859172092,,
99.2,93.18774064141331,,
99.3,128.96621219921354,,
99.4,53.50452539953412,,
99.5,109.84488623687605,,
99.6,47.37660137698783,,
99.7,96.58578641393606,,
99.8,104.46470088601572,,
99.9,132.9116285488716,,
100,49.906102907492695,,
